"Size","Time"
10000000,1.7219998836517334
20000000,3.5570001602172852
30000000,5.5479998588562012
40000000,7.0690000057220459
50000000,8.7999999523162842
60000000,10.95199990272522
70000000,12.625999927520752
80000000,14.028000116348267
90000000,15.810999870300293
100000000,18.541999816894531