"Size","Time"
10000000,1.86899995803833
20000000,3.734999895095825
30000000,5.585000038146973
40000000,7.598999977111816
50000000,9.407000064849854
60000000,11.217000007629395
70000000,13.034000158309937
80000000,14.894000053405762
90000000,16.80999994277954
100000000,18.717000007629395