"Size","Time"
10000000,1.8959999084472656
20000000,3.7810001373291016
30000000,5.9119999408721924
40000000,9.1699998378753662
50000000,13.462999820709229
60000000,11.608999967575073
70000000,13.46399998664856
80000000,15.401000022888184
90000000,17.110000133514404
100000000,19.119999885559082