"Size","Time"
10000000,1.8680000305175781
20000000,3.740000009536743
30000000,5.5309998989105225
40000000,7.421000003814697
50000000,9.186000108718872
60000000,10.996000051498413
70000000,12.876999855041504
80000000,14.978999853134155
90000000,16.6010000705719
100000000,18.35599994659424