"Size","Time"
10000000,1.9049999713897705
20000000,3.761000156402588
30000000,5.9100000858306885
40000000,8.23799991607666
50000000,10.200999975204468
60000000,12.598000049591064
70000000,13.542999982833862
80000000,15.756999969482422
90000000,18.88599991798401
100000000,20.365000009536743