"Size","Time"
10000000,1.8320000171661377
20000000,3.6119999885559082
30000000,5.4750001430511475
40000000,7.2130000591278076
50000000,9.1689999103546143
60000000,12.605999946594238
70000000,12.746000051498413
80000000,14.519000053405762
90000000,16.382000207901001
100000000,18.780999898910522