"Size","Time"
10000000,4.7120001316070557
20000000,8.562000036239624
30000000,13.273000001907349
40000000,18.230999946594238
50000000,23.328000068664551
60000000,26.947999954223633
70000000,32.836999893188477
80000000,37.171000003814697
90000000,54.492999792098999
100000000,66.859000205993652